{
  "dependencies": {
    "grafanaDependency": "\u003e=9.3.0",
    "grafanaVersion": "9.3",
    "plugins": []
  },
  "id": "alexanderzobnin-zabbix-app",
  "includes": [
    {
      "name": "Zabbix data source",
      "type": "datasource"
    },
    {
      "name": "Problems panel",
      "type": "panel"
    }
  ],
  "info": {
    "author": {
      "name": "Grafana Labs",
      "url": "https://grafana.com"
    },
    "build": {
      "time": 1704893379920,
      "repo": "https://github.com/grafana/grafana-zabbix",
      "branch": "main",
      "hash": "a7c267202012e44b8db7c1bbec454ef90733f6d1",
      "build": 109
    },
    "description": "Zabbix plugin for Grafana",
    "keywords": [
      "zabbix"
    ],
    "links": [
      {
        "name": "GitHub",
        "url": "https://github.com/grafana/grafana-zabbix"
      },
      {
        "name": "Docs",
        "url": "https://grafana.com/docs/plugins/alexanderzobnin-zabbix-app/latest/"
      },
      {
        "name": "License",
        "url": "https://github.com/grafana/grafana-zabbix/blob/main/LICENSE"
      }
    ],
    "logos": {
      "large": "img/icn-zabbix-app.svg",
      "small": "img/icn-zabbix-app.svg"
    },
    "screenshots": [
      {
        "name": "Showcase",
        "path": "img/screenshot-showcase.png"
      },
      {
        "name": "Dashboard",
        "path": "img/screenshot-dashboard01.png"
      },
      {
        "name": "Annotations",
        "path": "img/screenshot-annotations.png"
      },
      {
        "name": "Metric Editor",
        "path": "img/screenshot-metric_editor.png"
      },
      {
        "name": "Triggers",
        "path": "img/screenshot-triggers.png"
      }
    ],
    "updated": "2024-01-10",
    "version": "4.4.5"
  },
  "name": "Zabbix",
  "type": "app"
}